,ABER-CKP,P-ANULAR,P-PDG,T-TPT,T-MON-CKP,T-PDG,state-0,state-1,state-2,state-3,state-4,state-5,state-6,state-7,state-8,state-9
0,"[1.6032708e+09 1.6032708e+09 1.6032708e+09 1.6032708e+09 1.6032708e+09
 1.6032708e+09 1.6032708e+09 1.6032708e+09 1.6032708e+09 1.6032708e+09
 1.6032708e+09 1.6032708e+09 1.6032708e+09 1.6032708e+09 1.6032708e+09]","[1.6032708e+09 1.6032708e+09 1.6032708e+09 1.6032708e+09 1.6032708e+09
 1.6032708e+09 1.6032708e+09 1.6032708e+09 1.6032708e+09 1.6032708e+09
 1.6032708e+09 1.6032708e+09 1.6032708e+09 1.6032708e+09 1.6032708e+09]","[1.6032708e+09 1.6032708e+09 1.6032708e+09 1.6032708e+09 1.6032708e+09
 1.6032708e+09 1.6032708e+09 1.6032708e+09 1.6032708e+09 1.6032708e+09
 1.6032708e+09 1.6032708e+09 1.6032708e+09 1.6032708e+09 1.6032708e+09]","[1.6032708e+09 1.6032708e+09 1.6032708e+09 1.6032708e+09 1.6032708e+09
 1.6032708e+09 1.6032708e+09 1.6032708e+09 1.6032708e+09 1.6032708e+09
 1.6032708e+09 1.6032708e+09 1.6032708e+09 1.6032708e+09 1.6032708e+09]","[1.6032708e+09 1.6032708e+09 1.6032708e+09 1.6032708e+09 1.6032708e+09
 1.6032708e+09 1.6032708e+09 1.6032708e+09 1.6032708e+09 1.6032708e+09
 1.6032708e+09 1.6032708e+09 1.6032708e+09 1.6032708e+09 1.6032708e+09]","[1.6032708e+09 1.6032708e+09 1.6032708e+09 1.6032708e+09 1.6032708e+09
 1.6032708e+09 1.6032708e+09 1.6032708e+09 1.6032708e+09 1.6032708e+09
 1.6032708e+09 1.6032708e+09 1.6032708e+09 1.6032708e+09 1.6032708e+09]","[1.6032708e+09 1.6032708e+09 1.6032708e+09 1.6032708e+09 1.6032708e+09
 1.6032708e+09 1.6032708e+09 1.6032708e+09 1.6032708e+09 1.6032708e+09
 1.6032708e+09 1.6032708e+09 1.6032708e+09 1.6032708e+09 1.6032708e+09]","[1.6032708e+09 1.6032708e+09 1.6032708e+09 1.6032708e+09 1.6032708e+09
 1.6032708e+09 1.6032708e+09 1.6032708e+09 1.6032708e+09 1.6032708e+09
 1.6032708e+09 1.6032708e+09 1.6032708e+09 1.6032708e+09 1.6032708e+09]","[1.6032708e+09 1.6032708e+09 1.6032708e+09 1.6032708e+09 1.6032708e+09
 1.6032708e+09 1.6032708e+09 1.6032708e+09 1.6032708e+09 1.6032708e+09
 1.6032708e+09 1.6032708e+09 1.6032708e+09 1.6032708e+09 1.6032708e+09]","[1.6032708e+09 1.6032708e+09 1.6032708e+09 1.6032708e+09 1.6032708e+09
 1.6032708e+09 1.6032708e+09 1.6032708e+09 1.6032708e+09 1.6032708e+09
 1.6032708e+09 1.6032708e+09 1.6032708e+09 1.6032708e+09 1.6032708e+09]","[1.6032708e+09 1.6032708e+09 1.6032708e+09 1.6032708e+09 1.6032708e+09
 1.6032708e+09 1.6032708e+09 1.6032708e+09 1.6032708e+09 1.6032708e+09
 1.6032708e+09 1.6032708e+09 1.6032708e+09 1.6032708e+09 1.6032708e+09]","[1.6032708e+09 1.6032708e+09 1.6032708e+09 1.6032708e+09 1.6032708e+09
 1.6032708e+09 1.6032708e+09 1.6032708e+09 1.6032708e+09 1.6032708e+09
 1.6032708e+09 1.6032708e+09 1.6032708e+09 1.6032708e+09 1.6032708e+09]","[1.6032708e+09 1.6032708e+09 1.6032708e+09 1.6032708e+09 1.6032708e+09
 1.6032708e+09 1.6032708e+09 1.6032708e+09 1.6032708e+09 1.6032708e+09
 1.6032708e+09 1.6032708e+09 1.6032708e+09 1.6032708e+09 1.6032708e+09]","[1.6032708e+09 1.6032708e+09 1.6032708e+09 1.6032708e+09 1.6032708e+09
 1.6032708e+09 1.6032708e+09 1.6032708e+09 1.6032708e+09 1.6032708e+09
 1.6032708e+09 1.6032708e+09 1.6032708e+09 1.6032708e+09 1.6032708e+09]","[1.6032708e+09 1.6032708e+09 1.6032708e+09 1.6032708e+09 1.6032708e+09
 1.6032708e+09 1.6032708e+09 1.6032708e+09 1.6032708e+09 1.6032708e+09
 1.6032708e+09 1.6032708e+09 1.6032708e+09 1.6032708e+09 1.6032708e+09]","[1.6032708e+09 1.6032708e+09 1.6032708e+09 1.6032708e+09 1.6032708e+09
 1.6032708e+09 1.6032708e+09 1.6032708e+09 1.6032708e+09 1.6032708e+09
 1.6032708e+09 1.6032708e+09 1.6032708e+09 1.6032708e+09 1.6032708e+09]"
1,[nan nan nan nan nan nan nan nan nan nan nan nan nan nan nan],"[0.7182908  0.7182908  0.7182908  0.7182908  0.7182908  0.71817126
 0.71805288 0.71793334 0.71781496 0.71769542 0.71757704 0.71745865
 0.71733911 0.71722073 0.71710119]","[-1.16790395 -1.16790395 -1.16791141 -1.16791141 -1.16791141 -1.16791888
 -1.1679338  -1.16794126 -1.16794873 -1.16796365 -1.16797111 -1.16797858
 -1.1679935  -1.16800096 -1.16801589]","[1.15083637 1.1509679  1.15109993 1.15123196 1.15136349 1.15149552
 1.15172596 1.15195688 1.15218781 1.15241824 1.15264917 1.15288009
 1.15311053 1.15334145 1.15357238]","[1.06489818 1.0650452  1.06519223 1.06533925 1.06548627 1.0656333
 1.06548627 1.06533925 1.06519223 1.0650452  1.06489818 1.06475116
 1.06460413 1.06445711 1.06431009]","[1.08876078 1.08876078 1.08876078 1.08872053 1.08872053 1.08872053
 1.08872053 1.08868028 1.08864003 1.08864003 1.08864003 1.08859977
 1.08855952 1.08855952 1.08855952]",[1 1 1 1 1 1 1 1 1 1 1 1 1 1 1],[0 0 0 0 0 0 0 0 0 0 0 0 0 0 0],[0 0 0 0 0 0 0 0 0 0 0 0 0 0 0],[0 0 0 0 0 0 0 0 0 0 0 0 0 0 0],[0 0 0 0 0 0 0 0 0 0 0 0 0 0 0],[0 0 0 0 0 0 0 0 0 0 0 0 0 0 0],[0 0 0 0 0 0 0 0 0 0 0 0 0 0 0],[0 0 0 0 0 0 0 0 0 0 0 0 0 0 0],[0 0 0 0 0 0 0 0 0 0 0 0 0 0 0],[0 0 0 0 0 0 0 0 0 0 0 0 0 0 0]
2,[nan nan nan nan nan nan nan nan nan nan nan nan nan nan nan],"[0.7182908         nan 0.7182908  0.7182908  0.7182908  0.71817124
 0.71805286 0.71793336 0.717815          nan 0.71757704        nan
 0.7173391         nan 0.7171012 ]","[-1.1679039        nan        nan -1.1679114 -1.1679114 -1.1679189
 -1.1679338        nan        nan        nan -1.1679711 -1.1679785
 -1.1679935        nan        nan]","[1.1508363 1.150968  1.1510999 1.151232        nan       nan       nan
 1.1519569 1.1521878       nan       nan 1.1528801 1.1531105 1.1533414
       nan]","[1.0648981 1.0650452 1.0651922 1.0653392 1.0654863       nan 1.0654863
 1.0653392       nan 1.0650452       nan 1.0647511 1.0646042       nan
 1.0643101]","[1.0887607 1.0887607 1.0887607 1.0887206 1.0887206 1.0887206 1.0887206
 1.0886803       nan       nan 1.08864   1.0885998 1.0885595 1.0885595
       nan]",[ 1.  1.  1.  1.  1. nan  1.  1.  1.  1.  1.  1.  1.  1. nan],[ 0. nan  0.  0.  0.  0.  0.  0.  0.  0. nan nan  0.  0.  0.],[ 0.  0.  0. nan  0. nan  0. nan  0.  0. nan  0.  0.  0.  0.],[nan  0. nan  0.  0.  0.  0.  0. nan nan  0.  0.  0.  0. nan],[ 0.  0.  0.  0. nan  0. nan nan  0.  0.  0. nan  0.  0.  0.],[ 0.  0.  0.  0. nan  0.  0. nan  0.  0.  0. nan  0.  0. nan],[nan  0. nan  0.  0.  0.  0.  0.  0. nan  0.  0.  0.  0. nan],[ 0.  0.  0.  0. nan  0. nan  0.  0. nan  0.  0. nan nan  0.],[nan nan  0.  0.  0. nan  0.  0.  0.  0. nan nan nan nan nan],[nan  0.  0.  0. nan  0. nan  0.  0.  0. nan  0.  0.  0.  0.]
3,"[0.2342855  0.3007833  0.24071153 0.17281862 0.26057523 0.18663727
 0.23605752 0.25108433 0.34732607 0.3119834  0.25912485 0.2798247
 0.29285166 0.32165733 0.32110804]","[0.7182908  0.21980594 0.7182908  0.7182908  0.7182908  0.71817124
 0.71805286 0.71793336 0.717815   0.25481614 0.71757704 0.35834402
 0.7173391  0.26443684 0.7171012 ]","[-1.1679039   1.2176756   0.15441644 -1.1679114  -1.1679114  -1.1679189
 -1.1679338   1.3548445  -0.2089888  -0.07731214 -1.1679711  -1.1679785
 -1.1679935   0.5367289   0.2879397 ]","[1.1508363 1.150968  1.1510999 1.151232  1.3636323 1.3095113 1.2827075
 1.1519569 1.1521878 1.2270056 1.370156  1.1528801 1.1531105 1.1533414
 1.2798728]","[1.0648981  1.0650452  1.0651922  1.0653392  1.0654863  0.65176725
 1.0654863  1.0653392  0.7701318  1.0650452  0.6218081  1.0647511
 1.0646042  0.721235   1.0643101 ]","[1.0887607  1.0887607  1.0887607  1.0887206  1.0887206  1.0887206
 1.0887206  1.0886803  0.83243734 0.670005   1.08864    1.0885998
 1.0885595  1.0885595  0.7643003 ]","[1.        1.        1.        1.        1.        1.1697639 1.
 1.        1.        1.        1.        1.        1.        1.
 0.908778 ]","[0.         0.11962961 0.         0.         0.         0.
 0.         0.         0.         0.         0.08984368 0.08567671
 0.         0.         0.        ]","[ 0.          0.          0.          0.04920587  0.         -0.03737369
  0.          0.26495692  0.          0.         -0.05408746  0.
  0.          0.          0.        ]","[ 0.177774    0.          0.08665492  0.          0.          0.
  0.          0.         -0.08710766 -0.05635657  0.          0.
  0.          0.         -0.09674774]","[ 0.          0.          0.          0.          0.13498405  0.
 -0.01602516  0.2605223   0.          0.          0.         -0.03045533
  0.          0.          0.        ]","[ 0.          0.          0.          0.          0.05221555  0.
  0.         -0.15891808  0.          0.          0.         -0.0606441
  0.          0.          0.00369265]","[-0.13184126  0.         -0.10978436  0.          0.          0.
  0.          0.          0.          0.17059505  0.          0.
  0.          0.          0.05302578]","[ 0.          0.          0.          0.          0.02875692  0.
 -0.05697446  0.          0.         -0.05001532  0.          0.
  0.09037273 -0.15368399  0.        ]","[ 0.0761659  -0.04329596  0.          0.          0.         -0.04252155
  0.          0.          0.          0.         -0.04057658  0.1552819
  0.10239922 -0.0375988  -0.05796142]","[ 0.07432014  0.          0.          0.         -0.04676751  0.
  0.01456516  0.          0.          0.         -0.07769131  0.
  0.          0.          0.        ]"
